<?xml version="1.0" encoding="UTF-8"?>
<!--
/*********************************************************************************
 * The contents of this file are subject to the SugarCRM Master Subscription
 * Agreement ("License") which can be viewed at
 * http://www.sugarcrm.com/crm/master-subscription-agreement
 * By installing or using this file, You have unconditionally agreed to the
 * terms and conditions of the License, and You may not use this file except in
 * compliance with the License.  Under the terms of the license, You shall not,
 * among other things: 1) sublicense, resell, rent, lease, redistribute, assign
 * or otherwise transfer Your rights to the Software, and 2) use the Software
 * for timesharing or service bureau purposes such as hosting the Software for
 * commercial gain and/or for the benefit of a third party.  Use of the Software
 * may be subject to applicable fees and any use of the Software without first
 * paying applicable fees is strictly prohibited.  You do not have the right to
 * remove SugarCRM copyrights from the source code or user interface.
 *
 * All copies of the Covered Code must include on each user interface screen:
 *  (i) the "Powered by SugarCRM" logo and
 *  (ii) the SugarCRM copyright notice
 * in the same form as they appear in the distribution.  See full license for
 * requirements.
 *
 * Your Warranty, Limitations of liability and Indemnity are expressly stated
 * in the License.  Please refer to the License for the specific language
 * governing these rights and limitations under the License.  Portions created
 * by SugarCRM are Copyright (C) 2004-2012 SugarCRM, Inc.; All Rights Reserved.
 ********************************************************************************/

-->
<sugarcolors version="1.0">
    <charts>		
        <docBorder>0xcccccc</docBorder>
		<docBackground>0xffffff</docBackground>
		<labelFontFamily>Arial</labelFontFamily>
		<labelFontColor>0x000000</labelFontColor>
        <scrollButtonFill>0x999999</scrollButtonFill>
        <scrollButtonArrow>0x333333</scrollButtonArrow>
        <scrollBarHighlight>off</scrollBarHighlight>
        <scrollBarFill>0xcccccc</scrollBarFill>
		<scrollBarEdge>0x777777</scrollBarEdge>
        <scrollBarTrackFill>0xdddddd</scrollBarTrackFill>
        <scrollBarTrackEdge>0x999999</scrollBarTrackEdge>
		
        <chartGlow>0xffffff</chartGlow>
        <chartFill>0xBBBBBB</chartFill>
        <chartEdge>off</chartEdge>
        <chartHighlight>0xeeeeee</chartHighlight>
		<chartHighlightAlpha>off</chartHighlightAlpha>
		 
		<lineThickness>1</lineThickness>
		<gridLineThickness>1</gridLineThickness>		
		<linesOn>on</linesOn>
		
		<needleColor>0xff0000</needleColor>
		<needleAlpha>50</needleAlpha>
		
        <yAxisBack>off</yAxisBack>
        <gridLines>0xcccccc</gridLines>

        <legendFill>0xf0f0f0</legendFill>
		<legendEdge>0xdddddd</legendEdge>
        <legendFill2>0xf0f0f0</legendFill2>
		<legendEdge2>off</legendEdge2>
        <legendEntryEdge>0x999999</legendEntryEdge>
		
		<toolTipAlpha>80</toolTipAlpha>
		<toolTipBack>0xffffff</toolTipBack>
		<toolTipBorder>0x666666</toolTipBorder>
		
		<flyOutAlpha>100</flyOutAlpha>
		<flyOutBack>0xdddddd</flyOutBack>
		<flyOutTitleBack>0x333333</flyOutTitleBack>
		<flyOutBorder>0x000000</flyOutBorder>
		<flyOutDisplayDisabled>off</flyOutDisplayDisabled>
		
		<thumbnailEdge>0xeeeeee</thumbnailEdge>
		<thumbnailColor1>0xDD5555</thumbnailColor1>
		<thumbnailColor2>0xDDAA55</thumbnailColor2>
		<thumbnailColor3>0x5555AA</thumbnailColor3>
		
		<printEdge>0xffffff</printEdge>
		<printFill>0xffffff</printFill>
		
		<labelColor>style</labelColor>		
		<chartElementColors>
			<color>0x8c2b2b</color>
			<color>0x468c2b</color>
			<color>0x2b5d8c</color>
			<color>0xcd5200</color>
			<color>0xe6bf00</color>
			<color>0x7f3acd</color>
			<color>0x00a9b8</color>
			<color>0x572323</color>
			<color>0x004d00</color>
			<color>0x000087</color>
			<color>0xe48d30</color>
			<color>0x9fba09</color>
			<color>0x560066</color>
			<color>0x009f92</color>
			<color>0xb36262</color>
			<color>0x38795c</color>
			<color>0x3D3D99</color>
			<color>0x99623d</color>
			<color>0x998a3d</color>
			<color>0x994e78</color>
			<color>0x3d6899</color>
			<color>0xCC0000</color>
			<color>0x00CC00</color>
			<color>0x0000CC</color>
			<color>0xcc5200</color>
			<color>0xccaa00</color>
			<color>0x6600cc</color>
			<color>0x005fcc</color>
		</chartElementColors>
		<gaugeChartElementColors>
			<color>0xcc0000</color>
			<color>0x990000</color>
			<color>0xe65c00</color>	
			<color>0xe6bf00</color>	
			<color>0x009900</color>	
		</gaugeChartElementColors>
		
		<fadedEdges>off</fadedEdges>
		
		<lightColor>0.2</lightColor>
		<darkColor>0.2</darkColor>
		<darkerColor>0.45</darkerColor>
		
		<squeezedPieWedgeLabel>on</squeezedPieWedgeLabel>
		<squeezedPieWedgeThreshold>0.22</squeezedPieWedgeThreshold>
		<pieLabelBackFill>0xeeeeee</pieLabelBackFill>
		<pieLabelBackEdge>0x666666</pieLabelBackEdge>
		<pieLabelAlpha>100</pieLabelAlpha>
    </charts>
</sugarcolors>
